artists,titles
glass animals,heat waves
"carolina gaitan, mauro castillo, adassa, rhenzy feliz, diane guerrero, stephanie beatriz & encanto cast",we don't talk about bruno
gayle,abcdefu
kodak black,super gremlin
the kid laroi & justin bieber,stay
adele,easy on me
justin bieber,ghost
ed sheeran,shivers
ed sheeran,bad habits
elton john & dua lipa,cold heart (pnau remix)
lil nas x,thats what i want
doja cat,need to know
imagine dragons x jid,enemy
gunna & future featuring young thug,pushin p
dua lipa,levitating
lil nas x & jack harlow,industry baby
latto,big energy
jessica darrow,surface pressure
lil durk,ahhh ha
the weeknd & ariana grande,save your tears
doja cat,woman
post malone & the weeknd,one right now
muni long,hrs and hrs
becky g x karol g,mamiii
sza,i hate u
jordan davis featuring luke bryan,buy dirt
cody johnson,'til you can't
charlie puth,light switch
olivia rodrigo,good 4 u
"stephanie beatriz, olga merediz & encanto cast",the family madrigal
walker hayes,fancy like
doja cat & the weeknd,you right
morgan wallen,sand in my boots
ckay,love nwantiti (ah ah ah)
drake featuring 21 savage & project pat,knife talk
lauren spencer-smith,fingers crossed
luke combs,doin' this
wizkid featuring justin bieber & tems,essence
kane brown,one mississippi
the anxiety: willow & tyler cole,meet me at our spot
jack harlow,nail tech
"dierks bentley, breland & hardy",beers on me
tyga x doja cat,freaky deaky
chris stapleton,you should probably leave
diane guerrero & stephanie beatriz,what else can i do?
parker mccollum,to be loved by you
silk sonic (bruno mars & anderson .paak),smokin out the window
cole swindell / lainey wilson,never say never
the weeknd,sacrifice
walker hayes,aa
sebastian yatra,dos oruguitas
nicki minaj x lil baby,do we have a problem?
kelsea ballerini featuring kenny chesney,half of my hometown
em beihold,numb little bug
dove cameron,boyfriend
sam hunt,23
tate mcrae,she's all i wanna be
"nardo wick, lil baby & future",me or sum
lil durk featuring morgan wallen,broadway girls
neiked x mae muller x polo g,better days
fireboy dml & ed sheeran,peru
adele,oh my god
dr. dre featuring snoop dogg,still d.r.e.
gucci mane featuring lil durk,rumors
yung bleu & kehlani,beautiful lies
ari lennox,pressure
eric church,heart on fire
the chainsmokers,high
maren morris,circles around this town
"fivio foreign, kanye west & alicia keys",city of gods
stephanie beatriz,waiting on a miracle
gunna featuring drake,p power
tiesto & ava max,the motto
gunna,banking on me
ed sheeran featuring taylor swift,the joker and the queen
labrinth & zendaya,i'm tired
miranda lambert,if i was a cowboy
acraze featuring cherish,do it to it
youngboy never broke again,i hate youngboy
the walters,i love you so
kodak black,usain boo
rod wave,by your side
juice wrld,cigarettes
future,worst day
carly pearce & ashley mcbryde,never wanted to be that girl
moneybagg yo,scorpio
ernest featuring morgan wallen,flower shops
thomas rhett,slow down summer
"stephanie beatriz, olga merediz, john leguizamo, adassa, maluma & encanto cast",all of you
kodak black,i wish
alesso / katy perry,when i'm gone
chris brown,iffy
russell dickerson,home sweet
nicki minaj x lil baby,bussin
jnr choi & sam tompkins,to the moon!
mary j. blige,good morning gorgeous
king von & 21 savage,don't play that
saweetie featuring h.e.r.,closer
blake shelton,come back as a country boy
lil shordie scott,rocking a cardigan in atlanta
